{"camera_matrix": [[372.06047073156697, 0.0, 703.4976164771488], [0.0, 371.3542657032601, 339.9194745757792], [0.0, 0.0, 1.0]], "dist_coeffs": [[-0.06066856445840385, 0.0046306383640125, 0.0018579756731368889, -0.004313322629601808, 0.000133836697869508]], "new_camera_matrix": [[307.8016357421875, 0.0, 680.1926785176329], [0.0, 301.27960205078125, 344.9356521179652], [0.0, 0.0, 1.0]], "roi": {"x": 10, "y": 52, "w": 1248, "h": 621}}