{"camera_matrix": [[16054.845786690928, 0.0, 477.82684811863714], [0.0, 11099.115910177507, 312.0638069368378], [0.0, 0.0, 1.0]], "dist_coeffs": [[-76.21394960524084, 14183.775329904107, -0.9187212930982074, 0.040933688650232745, 23956.270957857945]], "new_camera_matrix": [[13720.734375, 0.0, 499.85776891285786], [0.0, 9388.755859375, 259.6948683172777], [0.0, 0.0, 1.0]], "roi": {"x": 73, "y": 15, "w": 1141, "h": 676}}