{"camera_matrix": [[1677.3850059264646, 0.0, 642.3901923873558], [0.0, 1679.1478255255013, 272.7844492139265], [0.0, 0.0, 1.0]], "dist_coeffs": [[-1.1309673948156322, 0.8072512619374036, 0.048781041630072006, 0.006002708589466942, 3.060214266597431]], "new_camera_matrix": [[1327.6435546875, 0.0, 649.219231537194], [0.0, 1370.3724365234375, 307.57030141386167], [0.0, 0.0, 1.0]], "roi": {"x": 41, "y": 71, "w": 1200, "h": 617}}