{"camera_matrix": [[838.5846213975155, 0.0, 679.2984173318854], [0.0, 840.8984968572664, 288.50793705304744], [0.0, 0.0, 1.0]], "dist_coeffs": [[-0.2164273666909472, -0.34546251850879245, 0.006724104395181676, 0.00297935175052012, 0.5902176084801332]], "new_camera_matrix": [[743.244384765625, 0.0, 676.1153559544473], [0.0, 733.5203857421875, 293.7327231607196], [0.0, 0.0, 1.0]], "roi": {"x": 31, "y": 32, "w": 1224, "h": 660}}