{"camera_matrix": [[4667.6840745297395, 0.0, 563.0918642691917], [0.0, 4382.505054604092, 463.56169300248496], [0.0, 0.0, 1.0]], "dist_coeffs": [[-8.834785287668648, -38.63195062000174, -0.17557922199482817, 0.05968225707810182, 9523.086248002757]], "new_camera_matrix": [[4178.400390625, 0.0, 595.0187706265133], [0.0, 3891.193359375, 435.3214784644515], [0.0, 0.0, 1.0]], "roi": {"x": 54, "y": 114, "w": 1068, "h": 566}}