{"camera_matrix": [[657.4643411653296, 0.0, 581.6205069057764], [0.0, 652.5068346521995, 435.95388217234733], [0.0, 0.0, 1.0]], "dist_coeffs": [[-0.16957249291593415, -0.0042777475253666375, -0.019384307137066892, 0.0021080421295027476, 0.054477377849940944]], "new_camera_matrix": [[581.495849609375, 0.0, 596.247637839755], [0.0, 576.8269653320312, 413.1798549289888], [0.0, 0.0, 1.0]], "roi": {"x": 38, "y": 33, "w": 1195, "h": 649}}