{"camera_matrix": [[2658.893593206698, 0.0, 536.2362183958633], [0.0, 2784.6425368526066, 381.03131702847566], [0.0, 0.0, 1.0]], "dist_coeffs": [[-3.3392640498667783, 9.566038749120962, -0.03695373509330427, 0.07813688199825304, 45.76933604436804]], "new_camera_matrix": [[2140.63525390625, 0.0, 597.5485261571303], [0.0, 2126.662109375, 363.7348722128954], [0.0, 0.0, 1.0]], "roi": {"x": 38, "y": 59, "w": 1223, "h": 583}}