{
  "camera_matrix": [
    [
      1060.5939337516895,
      0.0,
      706.7677942749613
    ],
    [
      0.0,
      1079.4405260079511,
      313.41961271622193
    ],
    [
      0.0,
      0.0,
      1.0
    ]
  ],
  "dist_coeffs": [
    [
      -0.05375946935876194,
      -4.6482110166279496,
      0.014095754965080183,
      -0.04029698902583542,
      15.08254041891588
    ]
  ],
  "new_camera_matrix": [
    [
      1151.1202392578125,
      0.0,
      592.1037350803235
    ],
    [
      0.0,
      979.5433349609375,
      320.3327032883899
    ],
    [
      0.0,
      0.0,
      1.0
    ]
  ],
  "roi": {
    "x": 320,
    "y": 187,
    "w": 655,
    "h": 267
  }
}