{"camera_matrix": [[1920.6557882263885, 0.0, 710.1825700901774], [0.0, 1962.345475371467, 408.07501756680034], [0.0, 0.0, 1.0]], "dist_coeffs": [[-0.6047819843836928, 10.4404565158359, -0.0052419288374126165, 0.004997974545350141, -62.91700545177854]], "new_camera_matrix": [[1641.10107421875, 0.0, 764.1486236512719], [0.0, 1870.2232666015625, 410.75736455646984], [0.0, 0.0, 1.0]], "roi": {"x": 157, "y": 22, "w": 1099, "h": 686}}