{"camera_matrix": [[732.2571785815256, 0.0, 522.1508203978036], [0.0, 737.7560731970377, 373.6749111317318], [0.0, 0.0, 1.0]], "dist_coeffs": [[-0.2031108070520507, -0.012456246582053907, -0.004287176426785083, 0.016862138909831553, 0.06954564270813247]], "new_camera_matrix": [[633.8599243164062, 0.0, 566.0110366640183], [0.0, 608.1845703125, 367.19632236048346], [0.0, 0.0, 1.0]], "roi": {"x": 20, "y": 43, "w": 1241, "h": 627}, "transform_matrix": [[0.9991728311044458, 0.004059314444235876, 0.04046202601166999, -0.9595767651418385], [-0.011216765040566241, -0.9288930816373658, 0.37017810182162675, -25.70009193041171], [0.03908756534693574, -0.3703257550488228, -0.9280791977965932, 39.014158583171785], [0.0, 0.0, 0.0, 1.0]]}