{"camera_matrix": [[760.2293416259411, 0.0, 581.3891119697051], [0.0, 761.1677916304634, 397.0512677016932], [0.0, 0.0, 1.0]], "dist_coeffs": [[-0.22678874743688082, 0.0038459865464512376, -0.010027140874577201, 0.0007938274853147712, 0.1327486835476512]], "new_camera_matrix": [[682.8482055664062, 0.0, 591.7750430767956], [0.0, 677.270751953125, 387.6434808382619], [0.0, 0.0, 1.0]], "roi": {"x": 23, "y": 26, "w": 1224, "h": 667}}