{"camera_matrix": [[732.2571785815256, 0.0, 522.1508203978036], [0.0, 737.7560731970377, 373.6749111317318], [0.0, 0.0, 1.0]], "dist_coeffs": [[-0.2031108070520507, -0.012456246582053907, -0.004287176426785083, 0.016862138909831553, 0.06954564270813247]], "new_camera_matrix": [[633.8599243164062, 0.0, 566.0110366640183], [0.0, 608.1845703125, 367.19632236048346], [0.0, 0.0, 1.0]], "roi": {"x": 20, "y": 43, "w": 1241, "h": 627}, "transform_matrix": [[0.9864117499102828, -0.0030836511489065804, -0.16426305346767578, -7.081953000784323], [0.04490094811049166, -0.9566995399770573, 0.287593280635111, -19.60770894494879], [-0.15803722503800052, -0.2910609580539421, -0.9435612085069043, 50.50404864701205], [0.0, 0.0, 0.0, 1.0]], "overall_center_offset": {"x": 0.6377083333333337, "y": 2.38275}, "scale_factors": {"x": 1.0629389214578044, "y": 1.0419322363168952}, "cell_center_offsets": {"0": {"x": -0.42001631636270886, "y": 0.7705697868998023}, "1": {"x": -0.17267410256110338, "y": 0.48820615085792163}, "2": {"x": 0.009828837031575333, "y": 0.019336644515320245}, "3": {"x": -0.1329275333418316, "y": -0.17863048038488927}, "4": {"x": -0.2629286366577466, "y": -0.02546644164630507}, "5": {"x": -0.34722336635097406, "y": -0.056724408735812304}, "6": {"x": -0.49210561456729707, "y": -0.3734718085761486}, "7": {"x": -0.3404279036968916, "y": -1.0173859306199908}, "8": {"x": -0.24782021108654462, "y": 0.5035137532001396}, "9": {"x": -0.08232429423718912, "y": 0.4139075808768863}, "10": {"x": 0.03215055438218961, "y": 0.3368045953894362}, "11": {"x": 0.0552126557561996, "y": 0.05444095934755768}, "12": {"x": -0.06734787510951001, "y": 0.02735072120331815}, "13": {"x": -0.06873336892903126, "y": 0.06486028171072641}, "14": {"x": -0.16365748783683287, "y": -0.14873582673423671}, "15": {"x": -0.03217561647413092, "y": -0.7530565237980362}, "16": {"x": 0.07318734319371245, "y": 0.18123531097568346}, "17": {"x": 0.11538234515396084, "y": 0.14685154717722426}, "18": {"x": 0.2139131099514735, "y": 0.10204846101559895}, "19": {"x": 0.1923317766242567, "y": 0.13539029257773905}, "20": {"x": 0.29405135818614303, "y": 0.09475493536138124}, "21": {"x": 0.4117150235698954, "y": 0.06766469721714152}, "22": {"x": 0.5665815512046741, "y": -0.09487673164829502}, "23": {"x": 0.8660077721577117, "y": -0.7585875661821575}}}