{"camera_matrix": [[732.2571785815256, 0.0, 522.1508203978036], [0.0, 737.7560731970377, 373.6749111317318], [0.0, 0.0, 1.0]], "dist_coeffs": [[-0.2031108070520507, -0.012456246582053907, -0.004287176426785083, 0.016862138909831553, 0.06954564270813247]], "new_camera_matrix": [[633.8599243164062, 0.0, 566.0110366640183], [0.0, 608.1845703125, 367.19632236048346], [0.0, 0.0, 1.0]], "roi": {"x": 20, "y": 43, "w": 1241, "h": 627}, "transform_matrix": [[-0.9987947902284212, 0.0005218038157302673, 0.04907845487932407, 4.493236687000171], [-0.010475247627189098, 0.9746375558814822, -0.22354396402613844, 11.273061575102634], [-0.04795035140343633, -0.22378865562433742, -0.9734574471512036, 41.962921127061115], [0.0, 0.0, 0.0, 1.0]]}