{
  "camera_matrix": [
    [
      1903.7582375772986,
      0.0,
      783.4269463100584
    ],
    [
      0.0,
      1976.0166373848715,
      262.4022326591418
    ],
    [
      0.0,
      0.0,
      1.0
    ]
  ],
  "dist_coeffs": [
    [
      0.5687890138224712,
      -10.75967291012086,
      -0.009710499389082685,
      0.015833043237669868,
      63.69971513327014
    ]
  ],
  "new_camera_matrix": [
    [
      1973.186767578125,
      0.0,
      774.3388740271475
    ],
    [
      0.0,
      1975.441162109375,
      259.8393757837948
    ],
    [
      0.0,
      0.0,
      1.0
    ]
  ],
  "transform_matrix": [
    [
      0.8818335429487058,
      -0.35032848032549485,
      0.3156573433382517,
      -119.60648204198452
    ],
    [
      0.0324103493296487,
      -0.6227787817880097,
      -0.7817263960050043,
      288.66651593618656
    ],
    [
      0.47044571608939506,
      0.6995831221716773,
      -0.5378329511899251,
      176.30467164326492
    ],
    [
      0.0,
      0.0,
      0.0,
      1.0
    ]
  ],
  "offsets": {
    "x": 0,
    "y": 0
  }
}