{"camera_matrix": [[1520.2422575169696, 0.0, 356.03882961433624], [0.0, 1564.0956076448556, 279.5418247147132], [0.0, 0.0, 1.0]], "dist_coeffs": [[-0.12427602928083574, 1.4670909209760945, -0.01800662572716419, -0.03150504006617148, -2.5971796315612563]], "new_camera_matrix": [[1145.3282470703125, 0.0, 263.78364674145996], [0.0, 1212.6497802734375, 216.98090627345118], [0.0, 0.0, 1.0]], "roi": {"x": 3, "y": 6, "w": 985, "h": 553}}