{"camera_matrix": [[422.0541514897245, 0.0, 709.0212754540695], [0.0, 432.5868172109853, 621.6557682489171], [0.0, 0.0, 1.0]], "dist_coeffs": [[-0.04023649340015888, 0.015407306020060515, -0.007232708656414334, -0.010965461922553836, -0.0016520051178414831]], "new_camera_matrix": [[409.89752197265625, 0.0, 673.4629995180221], [0.0, 419.3829345703125, 609.4323749245814], [0.0, 0.0, 1.0]]}