{
  "camera_matrix": [
    [
      429.39920198528034,
      0.0,
      772.2732597553447
    ],
    [
      0.0,
      397.40436252738925,
      154.31854797932718
    ],
    [
      0.0,
      0.0,
      1.0
    ]
  ],
  "dist_coeffs": [
    [
      0.026595414120674746,
      -0.017140622425173543,
      0.017739277897031176,
      0.015553442909087875,
      0.0018807683375552842
    ]
  ],
  "new_camera_matrix": [
    [
      383.46380615234375,
      0.0,
      846.7755563990795
    ],
    [
      0.0,
      362.0813903808594,
      204.25318672661888
    ],
    [
      0.0,
      0.0,
      1.0
    ]
  ],
  "roi": {
    "x": 72,
    "y": 62,
    "w": 1186,
    "h": 611
  }
}