{"camera_matrix": [[557.121166106346, 0.0, 599.2532652833286], [0.0, 549.3748598855884, 454.8351803346536], [0.0, 0.0, 1.0]], "dist_coeffs": [[-0.12940530255917648, 0.027606948453826524, -0.019737684632978342, -0.0015672661010948576, -0.008026473363370763]], "new_camera_matrix": [[227.78866577148438, 0.0, 439.8780515240287], [0.0, 356.9936828613281, 366.0121842977096], [0.0, 0.0, 1.0]], "roi": {"x": 195, "y": 70, "w": 523, "h": 468}}